{
  "baseModLoader": {
    "id": 4449,
    "gameVersionId": 7807,
    "minecraftGameVersionId": 64,
    "forgeVersion": "31.1.44",
    "name": "forge-31.1.44",
    "type": 1,
    "downloadUrl": "https://modloaders.forgecdn.net/647622546/maven/net/minecraftforge/forge/1.15.2-31.1.44/forge-1.15.2-31.1.44.jar",
    "filename": "forge-1.15.2-31.1.44.jar",
    "installMethod": 3,
    "latest": true,
    "recommended": false,
    "approved": false,
    "dateModified": "2020-04-12T19:31:03Z",
    "mavenVersionString": "net.minecraftforge:forge:1.15.2-31.1.44",
    "versionJson": "{\r\n  \"id\": \"forge-31.1.44\",\r\n  \"time\": \"2020-04-12T19:31:03Z\",\r\n  \"releaseTime\": \"2020-04-12T19:31:03Z\",\r\n  \"type\": \"release\",\r\n  \"minimumLauncherVersion\": 0,\r\n  \"inheritsFrom\": \"1.15.2\",\r\n  \"jar\": \"forge-31.1.44\",\r\n  \"libraries\": [\r\n    {\r\n      \"name\": \"net.minecraftforge:forge:1.15.2-31.1.44\",\r\n      \"downloads\": {\r\n        \"artifact\": {\r\n          \"path\": \"net/minecraftforge/forge/1.15.2-31.1.44/forge-1.15.2-31.1.44.jar\",\r\n          \"url\": \"https://modloaders.forgecdn.net/647622546/maven/net/minecraftforge/forge/1.15.2-31.1.44/forge-1.15.2-31.1.44.jar\",\r\n          \"sha1\": \"27369ead62e36b5135a0eafb7fa9d27f00f82443\",\r\n          \"size\": 183705\r\n        }\r\n      }\r\n    },\r\n    {\r\n      \"name\": \"org.ow2.asm:asm:7.2\",\r\n      \"downloads\": {\r\n        \"artifact\": {\r\n          \"path\": \"org/ow2/asm/asm/7.2/asm-7.2.jar\",\r\n          \"url\": \"https://modloaders.forgecdn.net/647622546/maven/org/ow2/asm/asm/7.2/asm-7.2.jar\",\r\n          \"sha1\": \"fa637eb67eb7628c915d73762b681ae7ff0b9731\",\r\n          \"size\": 114873\r\n        }\r\n      }\r\n    },\r\n    {\r\n      \"name\": \"org.ow2.asm:asm-commons:7.2\",\r\n      \"downloads\": {\r\n        \"artifact\": {\r\n          \"path\": \"org/ow2/asm/asm-commons/7.2/asm-commons-7.2.jar\",\r\n          \"url\": \"https://modloaders.forgecdn.net/647622546/maven/org/ow2/asm/asm-commons/7.2/asm-commons-7.2.jar\",\r\n          \"sha1\": \"ca2954e8d92a05bacc28ff465b25c70e0f512497\",\r\n          \"size\": 70051\r\n        }\r\n      }\r\n    },\r\n    {\r\n      \"name\": \"org.ow2.asm:asm-tree:7.2\",\r\n      \"downloads\": {\r\n        \"artifact\": {\r\n          \"path\": \"org/ow2/asm/asm-tree/7.2/asm-tree-7.2.jar\",\r\n          \"url\": \"https://modloaders.forgecdn.net/647622546/maven/org/ow2/asm/asm-tree/7.2/asm-tree-7.2.jar\",\r\n          \"sha1\": \"3a23cc36edaf8fc5a89cb100182758ccb5991487\",\r\n          \"size\": 50283\r\n        }\r\n      }\r\n    },\r\n    {\r\n      \"name\": \"cpw.mods:modlauncher:5.0.0-milestone.4\",\r\n      \"downloads\": {\r\n        \"artifact\": {\r\n          \"path\": \"cpw/mods/modlauncher/5.0.0-milestone.4/modlauncher-5.0.0-milestone.4.jar\",\r\n          \"url\": \"https://modloaders.forgecdn.net/647622546/maven/cpw/mods/modlauncher/5.0.0-milestone.4/modlauncher-5.0.0-milestone.4.jar\",\r\n          \"sha1\": \"b44442aef3243d9929e3290a1838195ad505c6c3\",\r\n          \"size\": 115810\r\n        }\r\n      }\r\n    },\r\n    {\r\n      \"name\": \"cpw.mods:grossjava9hacks:1.1.0\",\r\n      \"downloads\": {\r\n        \"artifact\": {\r\n          \"path\": \"cpw/mods/grossjava9hacks/1.1.0/grossjava9hacks-1.1.0.jar\",\r\n          \"url\": \"https://modloaders.forgecdn.net/647622546/maven/cpw/mods/grossjava9hacks/1.1.0/grossjava9hacks-1.1.0.jar\",\r\n          \"sha1\": \"ba432ff9b3477370a2317eff223ad3b6a82d37b1\",\r\n          \"size\": 1759\r\n        }\r\n      }\r\n    },\r\n    {\r\n      \"name\": \"net.minecraftforge:accesstransformers:2.0.4-shadowed\",\r\n      \"downloads\": {\r\n        \"artifact\": {\r\n          \"path\": \"net/minecraftforge/accesstransformers/2.0.4-shadowed/accesstransformers-2.0.4-shadowed.jar\",\r\n          \"url\": \"https://modloaders.forgecdn.net/647622546/maven/net/minecraftforge/accesstransformers/2.0.4-shadowed/accesstransformers-2.0.4-shadowed.jar\",\r\n          \"sha1\": \"7e484d734393278c318af389f7a5435192ae6d5e\",\r\n          \"size\": 444913\r\n        }\r\n      }\r\n    },\r\n    {\r\n      \"name\": \"net.minecraftforge:eventbus:2.0.0-milestone.1-service\",\r\n      \"downloads\": {\r\n        \"artifact\": {\r\n          \"path\": \"net/minecraftforge/eventbus/2.0.0-milestone.1-service/eventbus-2.0.0-milestone.1-service.jar\",\r\n          \"url\": \"https://modloaders.forgecdn.net/647622546/maven/net/minecraftforge/eventbus/2.0.0-milestone.1-service/eventbus-2.0.0-milestone.1-service.jar\",\r\n          \"sha1\": \"ef0e4a7c15c8eadb7e94233ee7b1d7b98841c752\",\r\n          \"size\": 39764\r\n        }\r\n      }\r\n    },\r\n    {\r\n      \"name\": \"net.minecraftforge:forgespi:2.0.0-milestone.1\",\r\n      \"downloads\": {\r\n        \"artifact\": {\r\n          \"path\": \"net/minecraftforge/forgespi/2.0.0-milestone.1/forgespi-2.0.0-milestone.1.jar\",\r\n          \"url\": \"https://modloaders.forgecdn.net/647622546/maven/net/minecraftforge/forgespi/2.0.0-milestone.1/forgespi-2.0.0-milestone.1.jar\",\r\n          \"sha1\": \"0fbfcafacae7a5adaf23c34a0ed08ac5b54d4c79\",\r\n          \"size\": 19454\r\n        }\r\n      }\r\n    },\r\n    {\r\n      \"name\": \"net.minecraftforge:coremods:2.0.0-milestone.1\",\r\n      \"downloads\": {\r\n        \"artifact\": {\r\n          \"path\": \"net/minecraftforge/coremods/2.0.0-milestone.1/coremods-2.0.0-milestone.1.jar\",\r\n          \"url\": \"https://modloaders.forgecdn.net/647622546/maven/net/minecraftforge/coremods/2.0.0-milestone.1/coremods-2.0.0-milestone.1.jar\",\r\n          \"sha1\": \"610df322bd810fff462b9fed9d3faa8a4ab4b37f\",\r\n          \"size\": 21780\r\n        }\r\n      }\r\n    },\r\n    {\r\n      \"name\": \"net.minecraftforge:unsafe:0.2.0\",\r\n      \"downloads\": {\r\n        \"artifact\": {\r\n          \"path\": \"net/minecraftforge/unsafe/0.2.0/unsafe-0.2.0.jar\",\r\n          \"url\": \"https://modloaders.forgecdn.net/647622546/maven/net/minecraftforge/unsafe/0.2.0/unsafe-0.2.0.jar\",\r\n          \"sha1\": \"54d7a0a5e8fdb71b973025caa46f341ae5904f39\",\r\n          \"size\": 2834\r\n        }\r\n      }\r\n    },\r\n    {\r\n      \"name\": \"com.electronwill.night-config:core:3.6.2\",\r\n      \"downloads\": {\r\n        \"artifact\": {\r\n          \"path\": \"com/electronwill/night-config/core/3.6.2/core-3.6.2.jar\",\r\n          \"url\": \"https://modloaders.forgecdn.net/647622546/maven/com/electronwill/night-config/core/3.6.2/core-3.6.2.jar\",\r\n          \"sha1\": \"56f6500038861d4a8832072676da7bf7916217d0\",\r\n          \"size\": 199091\r\n        }\r\n      }\r\n    },\r\n    {\r\n      \"name\": \"com.electronwill.night-config:toml:3.6.2\",\r\n      \"downloads\": {\r\n        \"artifact\": {\r\n          \"path\": \"com/electronwill/night-config/toml/3.6.2/toml-3.6.2.jar\",\r\n          \"url\": \"https://modloaders.forgecdn.net/647622546/maven/com/electronwill/night-config/toml/3.6.2/toml-3.6.2.jar\",\r\n          \"sha1\": \"3ac4263d06433da39a5eee95e2679f1642d921f0\",\r\n          \"size\": 31152\r\n        }\r\n      }\r\n    },\r\n    {\r\n      \"name\": \"org.jline:jline:3.12.1\",\r\n      \"downloads\": {\r\n        \"artifact\": {\r\n          \"path\": \"org/jline/jline/3.12.1/jline-3.12.1.jar\",\r\n          \"url\": \"https://modloaders.forgecdn.net/647622546/maven/org/jline/jline/3.12.1/jline-3.12.1.jar\",\r\n          \"sha1\": \"de2bd909cb9f8eaa741bd03df4a1bd3f6eb593c7\",\r\n          \"size\": 732926\r\n        }\r\n      }\r\n    },\r\n    {\r\n      \"name\": \"org.apache.maven:maven-artifact:3.6.0\",\r\n      \"downloads\": {\r\n        \"artifact\": {\r\n          \"path\": \"org/apache/maven/maven-artifact/3.6.0/maven-artifact-3.6.0.jar\",\r\n          \"url\": \"https://modloaders.forgecdn.net/647622546/maven/org/apache/maven/maven-artifact/3.6.0/maven-artifact-3.6.0.jar\",\r\n          \"sha1\": \"d4c0da647de59c9ccc304a112fe1f1474d49e8eb\",\r\n          \"size\": 55051\r\n        }\r\n      }\r\n    },\r\n    {\r\n      \"name\": \"net.jodah:typetools:0.6.1\",\r\n      \"downloads\": {\r\n        \"artifact\": {\r\n          \"path\": \"net/jodah/typetools/0.6.1/typetools-0.6.1.jar\",\r\n          \"url\": \"https://modloaders.forgecdn.net/647622546/maven/net/jodah/typetools/0.6.1/typetools-0.6.1.jar\",\r\n          \"sha1\": \"55a544eebff09427be04bebfc62bfc4cc2de8c93\",\r\n          \"size\": 14941\r\n        }\r\n      }\r\n    },\r\n    {\r\n      \"name\": \"org.apache.logging.log4j:log4j-api:2.11.2\",\r\n      \"downloads\": {\r\n        \"artifact\": {\r\n          \"path\": \"org/apache/logging/log4j/log4j-api/2.11.2/log4j-api-2.11.2.jar\",\r\n          \"url\": \"https://modloaders.forgecdn.net/647622546/maven/org/apache/logging/log4j/log4j-api/2.11.2/log4j-api-2.11.2.jar\",\r\n          \"sha1\": \"f5e9a2ffca496057d6891a3de65128efc636e26e\",\r\n          \"size\": 266283\r\n        }\r\n      }\r\n    },\r\n    {\r\n      \"name\": \"org.apache.logging.log4j:log4j-core:2.11.2\",\r\n      \"downloads\": {\r\n        \"artifact\": {\r\n          \"path\": \"org/apache/logging/log4j/log4j-core/2.11.2/log4j-core-2.11.2.jar\",\r\n          \"url\": \"https://modloaders.forgecdn.net/647622546/maven/org/apache/logging/log4j/log4j-core/2.11.2/log4j-core-2.11.2.jar\",\r\n          \"sha1\": \"6c2fb3f5b7cd27504726aef1b674b542a0c9cf53\",\r\n          \"size\": 1629585\r\n        }\r\n      }\r\n    },\r\n    {\r\n      \"name\": \"net.minecrell:terminalconsoleappender:1.2.0\",\r\n      \"downloads\": {\r\n        \"artifact\": {\r\n          \"path\": \"net/minecrell/terminalconsoleappender/1.2.0/terminalconsoleappender-1.2.0.jar\",\r\n          \"url\": \"https://modloaders.forgecdn.net/647622546/maven/net/minecrell/terminalconsoleappender/1.2.0/terminalconsoleappender-1.2.0.jar\",\r\n          \"sha1\": \"96d02cd3b384ff015a8fef4223bcb4ccf1717c95\",\r\n          \"size\": 15977\r\n        }\r\n      }\r\n    },\r\n    {\r\n      \"name\": \"net.sf.jopt-simple:jopt-simple:5.0.4\",\r\n      \"downloads\": {\r\n        \"artifact\": {\r\n          \"path\": \"net/sf/jopt-simple/jopt-simple/5.0.4/jopt-simple-5.0.4.jar\",\r\n          \"url\": \"https://modloaders.forgecdn.net/647622546/maven/net/sf/jopt-simple/jopt-simple/5.0.4/jopt-simple-5.0.4.jar\",\r\n          \"sha1\": \"4fdac2fbe92dfad86aa6e9301736f6b4342a3f5c\",\r\n          \"size\": 78146\r\n        }\r\n      }\r\n    }\r\n  ],\r\n  \"mainClass\": \"cpw.mods.modlauncher.Launcher\",\r\n  \"arguments\": {\r\n    \"game\": [\r\n      \"--launchTarget\",\r\n      \"fmlclient\",\r\n      \"--fml.forgeVersion\",\r\n      \"31.1.44\",\r\n      \"--fml.mcVersion\",\r\n      \"1.15.2\",\r\n      \"--fml.forgeGroup\",\r\n      \"net.minecraftforge\",\r\n      \"--fml.mcpVersion\",\r\n      \"20200307.202953\"\r\n    ]\r\n  }\r\n}",
    "librariesInstallLocation": "{0}\\libraries\\net\\minecraftforge\\forge\\1.15.2-31.1.44",
    "minecraftVersion": "1.15.2",
    "modLoaderGameVersionId": 7807,
    "modLoaderGameVersionTypeId": 3,
    "modLoaderGameVersionStatus": 1,
    "modLoaderGameVersionTypeStatus": 1,
    "mcGameVersionId": 7722,
    "mcGameVersionTypeId": 68722,
    "mcGameVersionStatus": 1,
    "mcGameVersionTypeStatus": 1,
    "installProfileJson": "{\r\n  \"_comment_\": [\r\n    \"Please do not automate the download and installation of Forge.\",\r\n    \"Our efforts are supported by ads from the download page.\",\r\n    \"If you MUST automate this, please consider supporting the project through https://www.patreon.com/LexManos/\"\r\n  ],\r\n  \"profile\": \"forge\",\r\n  \"version\": \"1.15.2-forge-31.1.44\",\r\n  \"json\": \"/version.json\",\r\n  \"path\": \"net.minecraftforge:forge:1.15.2-31.1.44\",\r\n  \"logo\": \"/big_logo.png\",\r\n  \"minecraft\": \"1.15.2\",\r\n  \"welcome\": \"Welcome to the simple Forge installer.\",\r\n  \"data\": {\r\n    \"MAPPINGS\": {\r\n      \"client\": \"[de.oceanlabs.mcp:mcp_config:1.15.2-20200307.202953:mappings@txt]\",\r\n      \"server\": \"[de.oceanlabs.mcp:mcp_config:1.15.2-20200307.202953:mappings@txt]\"\r\n    },\r\n    \"BINPATCH\": {\r\n      \"client\": \"/data/client.lzma\",\r\n      \"server\": \"/data/server.lzma\"\r\n    },\r\n    \"MC_SLIM\": {\r\n      \"client\": \"[net.minecraft:client:1.15.2:slim]\",\r\n      \"server\": \"[net.minecraft:server:1.15.2:slim]\"\r\n    },\r\n    \"MC_SLIM_SHA\": {\r\n      \"client\": \"'cb8029d524d1b45d268136c2971e3796454f948a'\",\r\n      \"server\": \"'9e4cfc5a34121901aba5f4bf002af9ae472eede0'\"\r\n    },\r\n    \"MC_EXTRA\": {\r\n      \"client\": \"[net.minecraft:client:1.15.2:extra]\",\r\n      \"server\": \"[net.minecraft:server:1.15.2:extra]\"\r\n    },\r\n    \"MC_EXTRA_SHA\": {\r\n      \"client\": \"'f41c6b1e3ebe4c897239170639b9a76742a282e2'\",\r\n      \"server\": \"'eb84dde2927f1dedb0b810f373a9a4e7325ba95d'\"\r\n    },\r\n    \"MC_SRG\": {\r\n      \"client\": \"[net.minecraft:client:1.15.2-20200307.202953:srg]\",\r\n      \"server\": \"[net.minecraft:server:1.15.2-20200307.202953:srg]\"\r\n    },\r\n    \"PATCHED\": {\r\n      \"client\": \"[net.minecraftforge:forge:1.15.2-31.1.44:client]\",\r\n      \"server\": \"[net.minecraftforge:forge:1.15.2-31.1.44:server]\"\r\n    },\r\n    \"PATCHED_SHA\": {\r\n      \"client\": \"'db6d09f71b4c34b2ea08160a4a1f80ae5242cb2d'\",\r\n      \"server\": \"'1133763c47a9cf391cc839a5a6617168fa58cf6e'\"\r\n    },\r\n    \"MCP_VERSION\": {\r\n      \"client\": \"'20200307.202953'\",\r\n      \"server\": \"'20200307.202953'\"\r\n    }\r\n  },\r\n  \"processors\": [\r\n    {\r\n      \"jar\": \"net.minecraftforge:installertools:1.1.4\",\r\n      \"classpath\": [\r\n        \"net.md-5:SpecialSource:1.8.5\",\r\n        \"net.sf.jopt-simple:jopt-simple:5.0.4\",\r\n        \"com.google.code.gson:gson:2.8.0\",\r\n        \"org.ow2.asm:asm-commons:6.1.1\",\r\n        \"com.google.guava:guava:20.0\",\r\n        \"net.sf.opencsv:opencsv:2.3\",\r\n        \"org.ow2.asm:asm-analysis:6.1.1\",\r\n        \"org.ow2.asm:asm-tree:6.1.1\",\r\n        \"org.ow2.asm:asm:6.1.1\"\r\n      ],\r\n      \"args\": [\r\n        \"--task\",\r\n        \"MCP_DATA\",\r\n        \"--input\",\r\n        \"[de.oceanlabs.mcp:mcp_config:1.15.2-20200307.202953@zip]\",\r\n        \"--output\",\r\n        \"{MAPPINGS}\",\r\n        \"--key\",\r\n        \"mappings\"\r\n      ]\r\n    },\r\n    {\r\n      \"jar\": \"net.minecraftforge:jarsplitter:1.1.2\",\r\n      \"classpath\": [\r\n        \"net.sf.jopt-simple:jopt-simple:5.0.4\"\r\n      ],\r\n      \"args\": [\r\n        \"--input\",\r\n        \"{MINECRAFT_JAR}\",\r\n        \"--slim\",\r\n        \"{MC_SLIM}\",\r\n        \"--extra\",\r\n        \"{MC_EXTRA}\",\r\n        \"--srg\",\r\n        \"{MAPPINGS}\"\r\n      ]\r\n    },\r\n    {\r\n      \"jar\": \"net.md-5:SpecialSource:1.8.5\",\r\n      \"classpath\": [\r\n        \"org.ow2.asm:asm-commons:6.1.1\",\r\n        \"net.sf.jopt-simple:jopt-simple:4.9\",\r\n        \"com.google.guava:guava:20.0\",\r\n        \"net.sf.opencsv:opencsv:2.3\",\r\n        \"org.ow2.asm:asm-analysis:6.1.1\",\r\n        \"org.ow2.asm:asm-tree:6.1.1\",\r\n        \"org.ow2.asm:asm:6.1.1\"\r\n      ],\r\n      \"args\": [\r\n        \"--in-jar\",\r\n        \"{MC_SLIM}\",\r\n        \"--out-jar\",\r\n        \"{MC_SRG}\",\r\n        \"--srg-in\",\r\n        \"{MAPPINGS}\"\r\n      ]\r\n    },\r\n    {\r\n      \"jar\": \"net.minecraftforge:binarypatcher:1.0.12\",\r\n      \"classpath\": [\r\n        \"commons-io:commons-io:2.4\",\r\n        \"com.google.guava:guava:25.1-jre\",\r\n        \"net.sf.jopt-simple:jopt-simple:5.0.4\",\r\n        \"com.github.jponge:lzma-java:1.3\",\r\n        \"com.nothome:javaxdelta:2.0.1\",\r\n        \"com.google.code.findbugs:jsr305:3.0.2\",\r\n        \"org.checkerframework:checker-qual:2.0.0\",\r\n        \"com.google.errorprone:error_prone_annotations:2.1.3\",\r\n        \"com.google.j2objc:j2objc-annotations:1.1\",\r\n        \"org.codehaus.mojo:animal-sniffer-annotations:1.14\",\r\n        \"trove:trove:1.0.2\"\r\n      ],\r\n      \"args\": [\r\n        \"--clean\",\r\n        \"{MC_SRG}\",\r\n        \"--output\",\r\n        \"{PATCHED}\",\r\n        \"--apply\",\r\n        \"{BINPATCH}\"\r\n      ]\r\n    }\r\n  ],\r\n  \"libraries\": [\r\n    {\r\n      \"name\": \"com.github.jponge:lzma-java:1.3\",\r\n      \"downloads\": {\r\n        \"artifact\": {\r\n          \"path\": \"com/github/jponge/lzma-java/1.3/lzma-java-1.3.jar\",\r\n          \"url\": \"https://modloaders.forgecdn.net/647622546/maven/com/github/jponge/lzma-java/1.3/lzma-java-1.3.jar\",\r\n          \"sha1\": \"a25db9d4d385ccda4825ae1b47a7a61d86e595af\",\r\n          \"size\": 51041\r\n        }\r\n      }\r\n    },\r\n    {\r\n      \"name\": \"com.google.code.findbugs:jsr305:3.0.2\",\r\n      \"downloads\": {\r\n        \"artifact\": {\r\n          \"path\": \"com/google/code/findbugs/jsr305/3.0.2/jsr305-3.0.2.jar\",\r\n          \"url\": \"https://modloaders.forgecdn.net/647622546/maven/com/google/code/findbugs/jsr305/3.0.2/jsr305-3.0.2.jar\",\r\n          \"sha1\": \"25ea2e8b0c338a877313bd4672d3fe056ea78f0d\",\r\n          \"size\": 19936\r\n        }\r\n      }\r\n    },\r\n    {\r\n      \"name\": \"com.google.code.gson:gson:2.8.0\",\r\n      \"downloads\": {\r\n        \"artifact\": {\r\n          \"path\": \"com/google/code/gson/gson/2.8.0/gson-2.8.0.jar\",\r\n          \"url\": \"https://modloaders.forgecdn.net/647622546/maven/com/google/code/gson/gson/2.8.0/gson-2.8.0.jar\",\r\n          \"sha1\": \"c4ba5371a29ac9b2ad6129b1d39ea38750043eff\",\r\n          \"size\": 231952\r\n        }\r\n      }\r\n    },\r\n    {\r\n      \"name\": \"com.google.errorprone:error_prone_annotations:2.1.3\",\r\n      \"downloads\": {\r\n        \"artifact\": {\r\n          \"path\": \"com/google/errorprone/error_prone_annotations/2.1.3/error_prone_annotations-2.1.3.jar\",\r\n          \"url\": \"https://modloaders.forgecdn.net/647622546/maven/com/google/errorprone/error_prone_annotations/2.1.3/error_prone_annotations-2.1.3.jar\",\r\n          \"sha1\": \"39b109f2cd352b2d71b52a3b5a1a9850e1dc304b\",\r\n          \"size\": 13704\r\n        }\r\n      }\r\n    },\r\n    {\r\n      \"name\": \"com.google.guava:guava:20.0\",\r\n      \"downloads\": {\r\n        \"artifact\": {\r\n          \"path\": \"com/google/guava/guava/20.0/guava-20.0.jar\",\r\n          \"url\": \"https://modloaders.forgecdn.net/647622546/maven/com/google/guava/guava/20.0/guava-20.0.jar\",\r\n          \"sha1\": \"89507701249388e1ed5ddcf8c41f4ce1be7831ef\",\r\n          \"size\": 2442625\r\n        }\r\n      }\r\n    },\r\n    {\r\n      \"name\": \"com.google.guava:guava:25.1-jre\",\r\n      \"downloads\": {\r\n        \"artifact\": {\r\n          \"path\": \"com/google/guava/guava/25.1-jre/guava-25.1-jre.jar\",\r\n          \"url\": \"https://modloaders.forgecdn.net/647622546/maven/com/google/guava/guava/25.1-jre/guava-25.1-jre.jar\",\r\n          \"sha1\": \"6c57e4b22b44e89e548b5c9f70f0c45fe10fb0b4\",\r\n          \"size\": 2734339\r\n        }\r\n      }\r\n    },\r\n    {\r\n      \"name\": \"com.google.j2objc:j2objc-annotations:1.1\",\r\n      \"downloads\": {\r\n        \"artifact\": {\r\n          \"path\": \"com/google/j2objc/j2objc-annotations/1.1/j2objc-annotations-1.1.jar\",\r\n          \"url\": \"https://modloaders.forgecdn.net/647622546/maven/com/google/j2objc/j2objc-annotations/1.1/j2objc-annotations-1.1.jar\",\r\n          \"sha1\": \"ed28ded51a8b1c6b112568def5f4b455e6809019\",\r\n          \"size\": 8782\r\n        }\r\n      }\r\n    },\r\n    {\r\n      \"name\": \"com.nothome:javaxdelta:2.0.1\",\r\n      \"downloads\": {\r\n        \"artifact\": {\r\n          \"path\": \"com/nothome/javaxdelta/2.0.1/javaxdelta-2.0.1.jar\",\r\n          \"url\": \"https://modloaders.forgecdn.net/647622546/maven/com/nothome/javaxdelta/2.0.1/javaxdelta-2.0.1.jar\",\r\n          \"sha1\": \"d4f5d077f1b15c6f67595015d69572303ad3f66d\",\r\n          \"size\": 38995\r\n        }\r\n      }\r\n    },\r\n    {\r\n      \"name\": \"commons-io:commons-io:2.4\",\r\n      \"downloads\": {\r\n        \"artifact\": {\r\n          \"path\": \"commons-io/commons-io/2.4/commons-io-2.4.jar\",\r\n          \"url\": \"https://modloaders.forgecdn.net/647622546/maven/commons-io/commons-io/2.4/commons-io-2.4.jar\",\r\n          \"sha1\": \"b1b6ea3b7e4aa4f492509a4952029cd8e48019ad\",\r\n          \"size\": 185140\r\n        }\r\n      }\r\n    },\r\n    {\r\n      \"name\": \"de.oceanlabs.mcp:mcp_config:1.15.2-20200307.202953@zip\",\r\n      \"downloads\": {\r\n        \"artifact\": {\r\n          \"path\": \"de/oceanlabs/mcp/mcp_config/1.15.2-20200307.202953/mcp_config-1.15.2-20200307.202953.zip\",\r\n          \"url\": \"https://modloaders.forgecdn.net/647622546/maven/de/oceanlabs/mcp/mcp_config/1.15.2-20200307.202953/mcp_config-1.15.2-20200307.202953.zip\",\r\n          \"sha1\": \"50de53c3759d3f4ed4b80e750bd75e3f18be0582\",\r\n          \"size\": 674047\r\n        }\r\n      }\r\n    },\r\n    {\r\n      \"name\": \"net.md-5:SpecialSource:1.8.5\",\r\n      \"downloads\": {\r\n        \"artifact\": {\r\n          \"path\": \"net/md-5/SpecialSource/1.8.5/SpecialSource-1.8.5.jar\",\r\n          \"url\": \"https://modloaders.forgecdn.net/647622546/maven/net/md-5/SpecialSource/1.8.5/SpecialSource-1.8.5.jar\",\r\n          \"sha1\": \"c670c493c436a885c872fa4810bc698628b95922\",\r\n          \"size\": 81179\r\n        }\r\n      }\r\n    },\r\n    {\r\n      \"name\": \"net.minecraftforge:binarypatcher:1.0.12\",\r\n      \"downloads\": {\r\n        \"artifact\": {\r\n          \"path\": \"net/minecraftforge/binarypatcher/1.0.12/binarypatcher-1.0.12.jar\",\r\n          \"url\": \"https://modloaders.forgecdn.net/647622546/maven/net/minecraftforge/binarypatcher/1.0.12/binarypatcher-1.0.12.jar\",\r\n          \"sha1\": \"971ea098f83ef2e1b96c1b7849465bb79fd05838\",\r\n          \"size\": 16491\r\n        }\r\n      }\r\n    },\r\n    {\r\n      \"name\": \"net.minecraftforge:forge:1.15.2-31.1.44:universal\",\r\n      \"downloads\": {\r\n        \"artifact\": {\r\n          \"path\": \"net/minecraftforge/forge/1.15.2-31.1.44/forge-1.15.2-31.1.44-universal.jar\",\r\n          \"url\": \"\",\r\n          \"sha1\": \"0f3809414b15d1d9a15d83bd65f9cf5a0ea68620\",\r\n          \"size\": 2181698\r\n        }\r\n      }\r\n    },\r\n    {\r\n      \"name\": \"net.minecraftforge:installertools:1.1.4\",\r\n      \"downloads\": {\r\n        \"artifact\": {\r\n          \"path\": \"net/minecraftforge/installertools/1.1.4/installertools-1.1.4.jar\",\r\n          \"url\": \"https://modloaders.forgecdn.net/647622546/maven/net/minecraftforge/installertools/1.1.4/installertools-1.1.4.jar\",\r\n          \"sha1\": \"ce2a64d84365374fc797f829e60321874d48145f\",\r\n          \"size\": 34230\r\n        }\r\n      }\r\n    },\r\n    {\r\n      \"name\": \"net.minecraftforge:jarsplitter:1.1.2\",\r\n      \"downloads\": {\r\n        \"artifact\": {\r\n          \"path\": \"net/minecraftforge/jarsplitter/1.1.2/jarsplitter-1.1.2.jar\",\r\n          \"url\": \"https://modloaders.forgecdn.net/647622546/maven/net/minecraftforge/jarsplitter/1.1.2/jarsplitter-1.1.2.jar\",\r\n          \"sha1\": \"7d6c2c293883c220e7622087849b26a35b3318e5\",\r\n          \"size\": 7981\r\n        }\r\n      }\r\n    },\r\n    {\r\n      \"name\": \"net.sf.jopt-simple:jopt-simple:4.9\",\r\n      \"downloads\": {\r\n        \"artifact\": {\r\n          \"path\": \"net/sf/jopt-simple/jopt-simple/4.9/jopt-simple-4.9.jar\",\r\n          \"url\": \"https://modloaders.forgecdn.net/647622546/maven/net/sf/jopt-simple/jopt-simple/4.9/jopt-simple-4.9.jar\",\r\n          \"sha1\": \"ee9e9eaa0a35360dcfeac129ff4923215fd65904\",\r\n          \"size\": 66469\r\n        }\r\n      }\r\n    },\r\n    {\r\n      \"name\": \"net.sf.jopt-simple:jopt-simple:5.0.4\",\r\n      \"downloads\": {\r\n        \"artifact\": {\r\n          \"path\": \"net/sf/jopt-simple/jopt-simple/5.0.4/jopt-simple-5.0.4.jar\",\r\n          \"url\": \"https://modloaders.forgecdn.net/647622546/maven/net/sf/jopt-simple/jopt-simple/5.0.4/jopt-simple-5.0.4.jar\",\r\n          \"sha1\": \"4fdac2fbe92dfad86aa6e9301736f6b4342a3f5c\",\r\n          \"size\": 78146\r\n        }\r\n      }\r\n    },\r\n    {\r\n      \"name\": \"net.sf.opencsv:opencsv:2.3\",\r\n      \"downloads\": {\r\n        \"artifact\": {\r\n          \"path\": \"net/sf/opencsv/opencsv/2.3/opencsv-2.3.jar\",\r\n          \"url\": \"https://modloaders.forgecdn.net/647622546/maven/net/sf/opencsv/opencsv/2.3/opencsv-2.3.jar\",\r\n          \"sha1\": \"c23708cdb9e80a144db433e23344a788a1fd6599\",\r\n          \"size\": 19827\r\n        }\r\n      }\r\n    },\r\n    {\r\n      \"name\": \"org.checkerframework:checker-qual:2.0.0\",\r\n      \"downloads\": {\r\n        \"artifact\": {\r\n          \"path\": \"org/checkerframework/checker-qual/2.0.0/checker-qual-2.0.0.jar\",\r\n          \"url\": \"https://modloaders.forgecdn.net/647622546/maven/org/checkerframework/checker-qual/2.0.0/checker-qual-2.0.0.jar\",\r\n          \"sha1\": \"518929596ee3249127502a8573b2e008e2d51ed3\",\r\n          \"size\": 343222\r\n        }\r\n      }\r\n    },\r\n    {\r\n      \"name\": \"org.codehaus.mojo:animal-sniffer-annotations:1.14\",\r\n      \"downloads\": {\r\n        \"artifact\": {\r\n          \"path\": \"org/codehaus/mojo/animal-sniffer-annotations/1.14/animal-sniffer-annotations-1.14.jar\",\r\n          \"url\": \"https://modloaders.forgecdn.net/647622546/maven/org/codehaus/mojo/animal-sniffer-annotations/1.14/animal-sniffer-annotations-1.14.jar\",\r\n          \"sha1\": \"775b7e22fb10026eed3f86e8dc556dfafe35f2d5\",\r\n          \"size\": 3482\r\n        }\r\n      }\r\n    },\r\n    {\r\n      \"name\": \"org.ow2.asm:asm-analysis:6.1.1\",\r\n      \"downloads\": {\r\n        \"artifact\": {\r\n          \"path\": \"org/ow2/asm/asm-analysis/6.1.1/asm-analysis-6.1.1.jar\",\r\n          \"url\": \"https://modloaders.forgecdn.net/647622546/maven/org/ow2/asm/asm-analysis/6.1.1/asm-analysis-6.1.1.jar\",\r\n          \"sha1\": \"376d85732456ec4d2c4bc020ee152061c61f00b5\",\r\n          \"size\": 31979\r\n        }\r\n      }\r\n    },\r\n    {\r\n      \"name\": \"org.ow2.asm:asm-commons:6.1.1\",\r\n      \"downloads\": {\r\n        \"artifact\": {\r\n          \"path\": \"org/ow2/asm/asm-commons/6.1.1/asm-commons-6.1.1.jar\",\r\n          \"url\": \"https://modloaders.forgecdn.net/647622546/maven/org/ow2/asm/asm-commons/6.1.1/asm-commons-6.1.1.jar\",\r\n          \"sha1\": \"70a7deee986e66c015cea1c9978f9654cc667020\",\r\n          \"size\": 77745\r\n        }\r\n      }\r\n    },\r\n    {\r\n      \"name\": \"org.ow2.asm:asm-tree:6.1.1\",\r\n      \"downloads\": {\r\n        \"artifact\": {\r\n          \"path\": \"org/ow2/asm/asm-tree/6.1.1/asm-tree-6.1.1.jar\",\r\n          \"url\": \"https://modloaders.forgecdn.net/647622546/maven/org/ow2/asm/asm-tree/6.1.1/asm-tree-6.1.1.jar\",\r\n          \"sha1\": \"19fdc358e7bd3986b9867de508ce6cefa693dda6\",\r\n          \"size\": 50050\r\n        }\r\n      }\r\n    },\r\n    {\r\n      \"name\": \"org.ow2.asm:asm:6.1.1\",\r\n      \"downloads\": {\r\n        \"artifact\": {\r\n          \"path\": \"org/ow2/asm/asm/6.1.1/asm-6.1.1.jar\",\r\n          \"url\": \"https://modloaders.forgecdn.net/647622546/maven/org/ow2/asm/asm/6.1.1/asm-6.1.1.jar\",\r\n          \"sha1\": \"264754515362d92acd39e8d40395f6b8dee7bc08\",\r\n          \"size\": 108252\r\n        }\r\n      }\r\n    },\r\n    {\r\n      \"name\": \"trove:trove:1.0.2\",\r\n      \"downloads\": {\r\n        \"artifact\": {\r\n          \"path\": \"trove/trove/1.0.2/trove-1.0.2.jar\",\r\n          \"url\": \"https://modloaders.forgecdn.net/647622546/maven/trove/trove/1.0.2/trove-1.0.2.jar\",\r\n          \"sha1\": \"112b40581ab9a4d3de4636d49985a7f686d181c8\",\r\n          \"size\": 361155\r\n        }\r\n      }\r\n    },\r\n    {\r\n      \"name\": \"net.minecraftforge:forge:1.15.2-31.1.44:universal\",\r\n      \"downloads\": {\r\n        \"artifact\": {\r\n          \"path\": \"net/minecraftforge/forge/1.15.2-31.1.44/forge-1.15.2-31.1.44-universal.jar\",\r\n          \"url\": \"https://modloaders.forgecdn.net/647622546/maven/net/minecraftforge/forge/1.15.2-31.1.44/forge-1.15.2-31.1.44-universal.jar\",\r\n          \"size\": 0\r\n        }\r\n      }\r\n    },\r\n    {\r\n      \"name\": \"net.minecraftforge:forge:1.15.2-31.1.44:clientdata@lzma\",\r\n      \"downloads\": {\r\n        \"artifact\": {\r\n          \"path\": \"net/minecraftforge/forge/1.15.2-31.1.44/forge-1.15.2-31.1.44-clientdata.lzma\",\r\n          \"url\": \"https://modloaders.forgecdn.net/647622546/maven/net/minecraftforge/forge/1.15.2-31.1.44/forge-1.15.2-31.1.44-clientdata.lzma\",\r\n          \"size\": 0\r\n        }\r\n      }\r\n    }\r\n  ]\r\n}"
  },
  "isUnlocked": true,
  "javaArgsOverride": null,
  "javaDirOverride": null,
  "lastPlayed": "2020-04-15T01:52:38.2089248Z",
  "manifest": {
    "minecraft": {
      "version": "1.15.2",
      "additionalJavaArgs": null,
      "modLoaders": [
        {
          "id": "forge-31.1.44",
          "primary": true
        }
      ],
      "libraries": null
    },
    "manifestType": "minecraftModpack",
    "manifestVersion": 1,
    "name": "Normandy",
    "version": "1.0.0",
    "author": "Dakobo",
    "description": null,
    "projectID": null,
    "files": [
      {
        "projectID": 318872,
        "fileID": 2924836,
        "required": true
      },
      {
        "projectID": 220318,
        "fileID": 2912265,
        "required": true
      },
      {
        "projectID": 244844,
        "fileID": 2925179,
        "required": true
      },
      {
        "projectID": 230976,
        "fileID": 2922884,
        "required": true
      },
      {
        "projectID": 238551,
        "fileID": 2889137,
        "required": true
      },
      {
        "projectID": 240633,
        "fileID": 2869197,
        "required": true
      },
      {
        "projectID": 272190,
        "fileID": 2901682,
        "required": true
      },
      {
        "projectID": 238222,
        "fileID": 2866141,
        "required": true
      },
      {
        "projectID": 256717,
        "fileID": 2906496,
        "required": true
      },
      {
        "projectID": 69118,
        "fileID": 2898972,
        "required": true
      },
      {
        "projectID": 306770,
        "fileID": 2925865,
        "required": true
      },
      {
        "projectID": 250363,
        "fileID": 2911830,
        "required": true
      },
      {
        "projectID": 309927,
        "fileID": 2913518,
        "required": true
      },
      {
        "projectID": 225643,
        "fileID": 2922131,
        "required": true
      }
    ],
    "overrides": "overrides"
  },
  "fileDate": "0001-01-01T00:00:00",
  "installedModpack": null,
  "projectID": 0,
  "fileID": 0,
  "customAuthor": "Dakobo",
  "modpackOverrides": [
    "config\\adpoles-client.toml",
    "config\\adpoles-common.toml",
    "config\\botania-client.toml",
    "config\\botania-common.toml",
    "config\\charm-common.toml",
    "config\\curios-client.toml",
    "config\\curios-common.toml",
    "config\\fml.toml",
    "config\\forge-client.toml",
    "config\\forgeendertech-client.toml",
    "config\\forgeendertech-common.toml",
    "config\\gravestone-client.toml",
    "config\\patchouli-client.toml",
    "config\\patchouli-common.toml",
    "config\\quark-common.toml",
    "config\\waystones-client.toml",
    "config\\waystones-common.toml",
    "config\\adpoles\\Poles\\diamond.cfg",
    "config\\adpoles\\Poles\\glass.cfg",
    "config\\adpoles\\Poles\\golden.cfg",
    "config\\adpoles\\Poles\\iron.cfg",
    "config\\adpoles\\Poles\\obsidian.cfg",
    "config\\adpoles\\Poles\\redstone.cfg",
    "config\\adpoles\\Poles\\tele.cfg",
    "config\\adpoles\\Poles\\wooden.cfg",
    "config\\biomesoplenty\\biomes.json",
    "config\\biomesoplenty\\client.toml",
    "config\\biomesoplenty\\generation.toml",
    "config\\biomesoplenty\\server.toml",
    "config\\forgeendertech\\Wind.cfg",
    "config\\forgeendertech\\Biomes\\biomesoplenty$alps.cfg",
    "mods\\Quark-r2.1-230.jar",
    "mods\\Waystones_1.15.2-6.0.1.jar"
  ],
  "isMemoryOverride": false,
  "allocatedMemory": 3228,
  "guid": "1b8532db-7fa3-4c05-b249-a5a0f5dcacb8",
  "gameTypeID": 432,
  "installPath": "C:\\Users\\agayl\\Twitch\\Minecraft\\Instances\\Normandy\\",
  "name": "Normandy",
  "cachedScans": [
    {
      "folderName": "AutoRegLib-1.5-40.jar",
      "fingerprint": 1112807760,
      "fileDateHash": 3100481634,
      "sectionID": 8,
      "individualFingerprints": [
        1112807760
      ],
      "status": 1,
      "timestamp": "2020-04-15T01:52:29.9366934Z",
      "lastWriteTimeUtc": "2020-04-12T23:28:44.7146808Z",
      "queryTimestamp": "2020-04-15T01:52:31.0768408Z",
      "fileCount": 1,
      "fileSize": 58933
    },
    {
      "folderName": "ForgeEndertech-1.15.2-6.0.2.0-build.0018.jar",
      "fingerprint": 1577453512,
      "fileDateHash": 1562788600,
      "sectionID": 8,
      "individualFingerprints": [
        1577453512
      ],
      "status": 1,
      "timestamp": "2020-04-15T01:52:30.1938715Z",
      "lastWriteTimeUtc": "2020-04-12T23:28:42.7983697Z",
      "queryTimestamp": "2020-04-15T01:52:31.0768408Z",
      "fileCount": 1,
      "fileSize": 441084
    },
    {
      "folderName": "inventorysorter-1.15.2-17.0.0.jar",
      "fingerprint": 3817266820,
      "fileDateHash": 1735526066,
      "sectionID": 8,
      "individualFingerprints": [
        3817266820
      ],
      "status": 1,
      "timestamp": "2020-04-15T01:52:30.2148229Z",
      "lastWriteTimeUtc": "2020-04-12T23:28:43.3238449Z",
      "queryTimestamp": "2020-04-15T01:52:31.0768408Z",
      "fileCount": 1,
      "fileSize": 49879
    },
    {
      "folderName": "gravestone-1.17.3.jar",
      "fingerprint": 28221360,
      "fileDateHash": 2138300550,
      "sectionID": 8,
      "individualFingerprints": [
        28221360
      ],
      "status": 1,
      "timestamp": "2020-04-15T01:52:30.2048733Z",
      "lastWriteTimeUtc": "2020-04-12T23:28:43.1821079Z",
      "queryTimestamp": "2020-04-15T01:52:31.0768408Z",
      "fileCount": 1,
      "fileSize": 133465
    },
    {
      "folderName": "curios-FORGE-1.15.2-2.0.2.1.jar",
      "fingerprint": 1684031675,
      "fileDateHash": 1717474224,
      "sectionID": 8,
      "individualFingerprints": [
        1684031675
      ],
      "status": 1,
      "timestamp": "2020-04-15T01:52:30.1439133Z",
      "lastWriteTimeUtc": "2020-04-12T23:28:44.8852225Z",
      "queryTimestamp": "2020-04-15T01:52:31.0778381Z",
      "fileCount": 1,
      "fileSize": 183431
    },
    {
      "folderName": "FastLeafDecay-v22.jar",
      "fingerprint": 2721622752,
      "fileDateHash": 410721811,
      "sectionID": 8,
      "individualFingerprints": [
        2721622752
      ],
      "status": 1,
      "timestamp": "2020-04-15T01:52:30.1519531Z",
      "lastWriteTimeUtc": "2020-04-12T23:28:42.9816433Z",
      "queryTimestamp": "2020-04-15T01:52:31.0778381Z",
      "fileCount": 1,
      "fileSize": 8359
    },
    {
      "folderName": "Patchouli-1.15.2-1.2-31.jar",
      "fingerprint": 3983839548,
      "fileDateHash": 1070151982,
      "sectionID": 8,
      "individualFingerprints": [
        3983839548
      ],
      "status": 1,
      "timestamp": "2020-04-15T01:52:30.4660385Z",
      "lastWriteTimeUtc": "2020-04-12T23:28:44.5633681Z",
      "queryTimestamp": "2020-04-15T01:52:31.0778381Z",
      "fileCount": 1,
      "fileSize": 526648
    },
    {
      "folderName": "Clumps-5.0.2.jar",
      "fingerprint": 380088807,
      "fileDateHash": 99078107,
      "sectionID": 8,
      "individualFingerprints": [
        380088807
      ],
      "status": 1,
      "timestamp": "2020-04-15T01:52:30.0851038Z",
      "lastWriteTimeUtc": "2020-04-12T23:28:43.9521389Z",
      "queryTimestamp": "2020-04-15T01:52:31.0778381Z",
      "fileCount": 1,
      "fileSize": 13582
    },
    {
      "folderName": "AdPoles-1.15.2-4.0.1.0-build.0009.jar",
      "fingerprint": 703373329,
      "fileDateHash": 3128140735,
      "sectionID": 8,
      "individualFingerprints": [
        703373329
      ],
      "status": 1,
      "timestamp": "2020-04-15T01:52:29.925759Z",
      "lastWriteTimeUtc": "2020-04-12T23:28:43.5957381Z",
      "queryTimestamp": "2020-04-15T01:52:31.0778381Z",
      "fileCount": 1,
      "fileSize": 72643
    },
    {
      "folderName": "Morpheus-1.15.2-4.2.50.jar",
      "fingerprint": 3157709658,
      "fileDateHash": 3111143535,
      "sectionID": 8,
      "individualFingerprints": [
        3157709658
      ],
      "status": 1,
      "timestamp": "2020-04-15T01:52:30.3644143Z",
      "lastWriteTimeUtc": "2020-04-12T23:28:44.2821271Z",
      "queryTimestamp": "2020-04-15T01:52:31.0778381Z",
      "fileCount": 1,
      "fileSize": 24547
    },
    {
      "folderName": "Waystones_1.15.2-6.0.1.jar",
      "fingerprint": 813108662,
      "fileDateHash": 360198836,
      "sectionID": 8,
      "individualFingerprints": [
        813108662
      ],
      "status": 1,
      "timestamp": "2020-04-15T01:52:30.5109214Z",
      "lastWriteTimeUtc": "2020-04-12T23:27:48.654931Z",
      "queryTimestamp": "2020-04-15T01:52:31.0778381Z",
      "fileCount": 1,
      "fileSize": 190519
    },
    {
      "folderName": "Charm-1.15.2-1.5.5.jar",
      "fingerprint": 2967383285,
      "fileDateHash": 4235795998,
      "sectionID": 8,
      "individualFingerprints": [
        2967383285
      ],
      "status": 1,
      "timestamp": "2020-04-15T01:52:30.0594646Z",
      "lastWriteTimeUtc": "2020-04-12T23:28:42.1622004Z",
      "queryTimestamp": "2020-04-15T01:52:31.0778381Z",
      "fileCount": 1,
      "fileSize": 3196149
    },
    {
      "folderName": "jei-1.15.2-6.0.0.2.jar",
      "fingerprint": 3705726787,
      "fileDateHash": 2856358595,
      "sectionID": 8,
      "individualFingerprints": [
        3705726787
      ],
      "status": 1,
      "timestamp": "2020-04-15T01:52:30.352446Z",
      "lastWriteTimeUtc": "2020-04-12T23:28:43.7955554Z",
      "queryTimestamp": "2020-04-15T01:52:31.0778381Z",
      "fileCount": 1,
      "fileSize": 700499
    },
    {
      "folderName": "Botania r1.15-382.jar",
      "fingerprint": 4276574274,
      "fileDateHash": 215830275,
      "sectionID": 8,
      "individualFingerprints": [
        4276574274
      ],
      "status": 1,
      "timestamp": "2020-04-15T01:52:29.9767069Z",
      "lastWriteTimeUtc": "2020-04-12T23:28:46.2935375Z",
      "queryTimestamp": "2020-04-15T01:52:31.0778381Z",
      "fileCount": 1,
      "fileSize": 14736373
    },
    {
      "folderName": "Quark-r2.1-230.jar",
      "fingerprint": 2281588789,
      "fileDateHash": 4216618827,
      "sectionID": 8,
      "individualFingerprints": [
        2281588789
      ],
      "status": 1,
      "timestamp": "2020-04-15T01:52:30.4750163Z",
      "lastWriteTimeUtc": "2020-04-12T23:27:48.6369785Z",
      "queryTimestamp": "2020-04-15T01:52:31.0778381Z",
      "fileCount": 1,
      "fileSize": 4683021
    },
    {
      "folderName": "BiomesOPlenty-1.15.2-10.0.0.353-universal.jar",
      "fingerprint": 2433932536,
      "fileDateHash": 3337600489,
      "sectionID": 8,
      "individualFingerprints": [
        2433932536
      ],
      "status": 1,
      "timestamp": "2020-04-15T01:52:29.9466645Z",
      "lastWriteTimeUtc": "2020-04-12T23:28:42.6017806Z",
      "queryTimestamp": "2020-04-15T01:52:31.0778381Z",
      "fileCount": 1,
      "fileSize": 3226033
    }
  ],
  "isValid": true,
  "lastPreviousMatchUpdate": "2020-04-15T01:52:31.4819592Z",
  "isEnabled": true,
  "isPinned": false,
  "gameVersion": "1.15.2",
  "preferenceAlternateFile": false,
  "preferenceAutoInstallUpdates": false,
  "preferenceQuickDeleteLibraries": true,
  "preferenceDeleteSavedVariables": true,
  "preferenceProcessFileCommands": true,
  "preferenceReleaseType": 1,
  "syncProfile": {
    "PreferenceEnabled": false,
    "PreferenceAutoSync": true,
    "PreferenceAutoDelete": false,
    "PreferenceBackupSavedVariables": false,
    "GameInstanceGuid": "00000000-0000-0000-0000-000000000000",
    "SyncProfileID": 0,
    "SavedVariablesProfile": null,
    "LastSyncDate": "0001-01-01T00:00:00"
  },
  "preferenceShowAddOnInfo": true,
  "installDate": "2020-04-12T23:27:48.9222171Z",
  "installedAddons": [
    {
      "addonID": 220318,
      "gameInstanceID": "1b8532db-7fa3-4c05-b249-a5a0f5dcacb8",
      "installedFile": {
        "id": 2912265,
        "displayName": "Biomes O' Plenty 1.15.2-10.0.0.353",
        "fileName": "BiomesOPlenty-1.15.2-10.0.0.353-universal.jar",
        "fileDate": "2020-03-25T10:02:44.803Z",
        "fileLength": 3226033,
        "releaseType": 2,
        "fileStatus": 4,
        "downloadUrl": "https://edge.forgecdn.net/files/2912/265/BiomesOPlenty-1.15.2-10.0.0.353-universal.jar",
        "isAlternate": false,
        "alternateFileId": 2912266,
        "dependencies": [],
        "isAvailable": true,
        "modules": [
          {
            "foldername": "META-INF",
            "fingerprint": 1343794918,
            "type": 0
          },
          {
            "foldername": "biomesoplenty",
            "fingerprint": 2465536988,
            "type": 0
          },
          {
            "foldername": "bop_logo.png",
            "fingerprint": 2745841392,
            "type": 0
          },
          {
            "foldername": "pack.mcmeta",
            "fingerprint": 542382981,
            "type": 0
          },
          {
            "foldername": "assets",
            "fingerprint": 3715738433,
            "type": 0
          },
          {
            "foldername": "LICENSE.txt",
            "fingerprint": 2878218662,
            "type": 0
          },
          {
            "foldername": "data",
            "fingerprint": 2761428420,
            "type": 0
          }
        ],
        "packageFingerprint": 2433932536,
        "gameVersion": [
          "Forge",
          "1.15.2"
        ],
        "hasInstallScript": false,
        "isCompatibleWithClient": false,
        "categorySectionPackageType": 0,
        "restrictProjectFileAccess": 0,
        "projectStatus": 0,
        "projectId": 0,
        "gameVersionDateReleased": "2008-03-01T06:00:00Z",
        "gameId": 0,
        "isServerPack": false,
        "FileNameOnDisk": "BiomesOPlenty-1.15.2-10.0.0.353-universal.jar"
      },
      "dateInstalled": "2020-04-12T23:28:42.6087845Z",
      "dateUpdated": "2020-04-12T23:28:42.6117553Z",
      "dateLastUpdateAttempted": "2020-04-12T23:28:42.6117553Z",
      "status": 5,
      "preferenceAutoInstallUpdates": false,
      "preferenceAlternateFile": false,
      "preferenceIsIgnored": false,
      "isModified": false,
      "isWorkingCopy": false,
      "isFuzzyMatch": false,
      "preferenceReleaseType": null,
      "manifestName": null,
      "installedTargets": null
    },
    {
      "addonID": 256717,
      "gameInstanceID": "1b8532db-7fa3-4c05-b249-a5a0f5dcacb8",
      "installedFile": {
        "id": 2906496,
        "displayName": "Clumps-5.0.2",
        "fileName": "Clumps-5.0.2.jar",
        "fileDate": "2020-03-20T21:44:35.64Z",
        "fileLength": 13582,
        "releaseType": 1,
        "fileStatus": 4,
        "downloadUrl": "https://edge.forgecdn.net/files/2906/496/Clumps-5.0.2.jar",
        "isAlternate": false,
        "alternateFileId": 0,
        "dependencies": [],
        "isAvailable": true,
        "modules": [
          {
            "foldername": "META-INF",
            "fingerprint": 803758318,
            "type": 0
          },
          {
            "foldername": "com",
            "fingerprint": 2162125067,
            "type": 0
          },
          {
            "foldername": "pack.mcmeta",
            "fingerprint": 4178614280,
            "type": 0
          }
        ],
        "packageFingerprint": 380088807,
        "gameVersion": [
          "Forge",
          "1.15.2"
        ],
        "hasInstallScript": false,
        "isCompatibleWithClient": false,
        "categorySectionPackageType": 0,
        "restrictProjectFileAccess": 0,
        "projectStatus": 0,
        "projectId": 0,
        "gameVersionDateReleased": "2008-03-01T06:00:00Z",
        "gameId": 0,
        "isServerPack": false,
        "FileNameOnDisk": "Clumps-5.0.2.jar"
      },
      "dateInstalled": "2020-04-12T23:28:44.0080175Z",
      "dateUpdated": "2020-04-12T23:28:44.0099825Z",
      "dateLastUpdateAttempted": "2020-04-12T23:28:44.0099825Z",
      "status": 5,
      "preferenceAutoInstallUpdates": false,
      "preferenceAlternateFile": false,
      "preferenceIsIgnored": false,
      "isModified": false,
      "isWorkingCopy": false,
      "isFuzzyMatch": false,
      "preferenceReleaseType": null,
      "manifestName": null,
      "installedTargets": null
    },
    {
      "addonID": 238551,
      "gameInstanceID": "1b8532db-7fa3-4c05-b249-a5a0f5dcacb8",
      "installedFile": {
        "id": 2889137,
        "displayName": "[1.15.2] Gravestone Mod 1.17.3",
        "fileName": "gravestone-1.17.3.jar",
        "fileDate": "2020-02-26T10:32:33.27Z",
        "fileLength": 133465,
        "releaseType": 2,
        "fileStatus": 4,
        "downloadUrl": "https://edge.forgecdn.net/files/2889/137/gravestone-1.17.3.jar",
        "isAlternate": false,
        "alternateFileId": 0,
        "dependencies": [],
        "isAvailable": true,
        "modules": [
          {
            "foldername": "META-INF",
            "fingerprint": 662678373,
            "type": 0
          },
          {
            "foldername": "de",
            "fingerprint": 3877708920,
            "type": 0
          },
          {
            "foldername": "assets",
            "fingerprint": 2149549420,
            "type": 0
          },
          {
            "foldername": "data",
            "fingerprint": 2426508185,
            "type": 0
          },
          {
            "foldername": "gravestone.png",
            "fingerprint": 4098187742,
            "type": 0
          },
          {
            "foldername": "mcmod.info",
            "fingerprint": 2949204903,
            "type": 0
          },
          {
            "foldername": "pack.mcmeta",
            "fingerprint": 2282813674,
            "type": 0
          }
        ],
        "packageFingerprint": 28221360,
        "gameVersion": [
          "Forge",
          "1.15.2"
        ],
        "hasInstallScript": false,
        "isCompatibleWithClient": false,
        "categorySectionPackageType": 0,
        "restrictProjectFileAccess": 0,
        "projectStatus": 0,
        "projectId": 0,
        "gameVersionDateReleased": "2008-03-01T06:00:00Z",
        "gameId": 0,
        "isServerPack": false,
        "FileNameOnDisk": "gravestone-1.17.3.jar"
      },
      "dateInstalled": "2020-04-12T23:28:43.1890871Z",
      "dateUpdated": "2020-04-12T23:28:43.1920795Z",
      "dateLastUpdateAttempted": "2020-04-12T23:28:43.1920795Z",
      "status": 5,
      "preferenceAutoInstallUpdates": false,
      "preferenceAlternateFile": false,
      "preferenceIsIgnored": false,
      "isModified": false,
      "isWorkingCopy": false,
      "isFuzzyMatch": false,
      "preferenceReleaseType": null,
      "manifestName": null,
      "installedTargets": null
    },
    {
      "addonID": 244844,
      "gameInstanceID": "1b8532db-7fa3-4c05-b249-a5a0f5dcacb8",
      "installedFile": {
        "id": 2925179,
        "displayName": "ForgeEndertech-1.15.2-6.0.2.0-build.0018.jar",
        "fileName": "ForgeEndertech-1.15.2-6.0.2.0-build.0018.jar",
        "fileDate": "2020-04-09T13:30:49.307Z",
        "fileLength": 441084,
        "releaseType": 1,
        "fileStatus": 4,
        "downloadUrl": "https://edge.forgecdn.net/files/2925/179/ForgeEndertech-1.15.2-6.0.2.0-build.0018.jar",
        "isAlternate": false,
        "alternateFileId": 0,
        "dependencies": [
          {
            "id": 0,
            "addonId": 272190,
            "type": 2,
            "fileId": 0
          },
          {
            "id": 0,
            "addonId": 318833,
            "type": 2,
            "fileId": 0
          },
          {
            "id": 0,
            "addonId": 322440,
            "type": 2,
            "fileId": 0
          },
          {
            "id": 0,
            "addonId": 244849,
            "type": 2,
            "fileId": 0
          },
          {
            "id": 0,
            "addonId": 260925,
            "type": 2,
            "fileId": 0
          },
          {
            "id": 0,
            "addonId": 269973,
            "type": 2,
            "fileId": 0
          },
          {
            "id": 0,
            "addonId": 305122,
            "type": 2,
            "fileId": 0
          },
          {
            "id": 0,
            "addonId": 244830,
            "type": 2,
            "fileId": 0
          }
        ],
        "isAvailable": true,
        "modules": [
          {
            "foldername": "META-INF",
            "fingerprint": 3263108689,
            "type": 0
          },
          {
            "foldername": "com",
            "fingerprint": 2408987930,
            "type": 0
          },
          {
            "foldername": "assets",
            "fingerprint": 3885284708,
            "type": 0
          },
          {
            "foldername": "CHANGELOG.md",
            "fingerprint": 24101618,
            "type": 0
          },
          {
            "foldername": "coremods",
            "fingerprint": 2097216137,
            "type": 0
          },
          {
            "foldername": "logo.png",
            "fingerprint": 585354997,
            "type": 0
          },
          {
            "foldername": "pack.mcmeta",
            "fingerprint": 2039769143,
            "type": 0
          }
        ],
        "packageFingerprint": 1577453512,
        "gameVersion": [
          "1.15.2"
        ],
        "hasInstallScript": false,
        "isCompatibleWithClient": false,
        "categorySectionPackageType": 0,
        "restrictProjectFileAccess": 0,
        "projectStatus": 0,
        "projectId": 0,
        "gameVersionDateReleased": "2020-01-22T00:00:00Z",
        "gameId": 0,
        "isServerPack": false,
        "FileNameOnDisk": "ForgeEndertech-1.15.2-6.0.2.0-build.0018.jar"
      },
      "dateInstalled": "2020-04-12T23:28:42.8063504Z",
      "dateUpdated": "2020-04-12T23:28:42.8083437Z",
      "dateLastUpdateAttempted": "2020-04-12T23:28:42.8083437Z",
      "status": 5,
      "preferenceAutoInstallUpdates": false,
      "preferenceAlternateFile": false,
      "preferenceIsIgnored": false,
      "isModified": false,
      "isWorkingCopy": false,
      "isFuzzyMatch": false,
      "preferenceReleaseType": null,
      "manifestName": null,
      "installedTargets": null
    },
    {
      "addonID": 318872,
      "gameInstanceID": "1b8532db-7fa3-4c05-b249-a5a0f5dcacb8",
      "installedFile": {
        "id": 2924836,
        "displayName": "Charm-1.15.2-1.5.5.jar",
        "fileName": "Charm-1.15.2-1.5.5.jar",
        "fileDate": "2020-04-09T01:01:09.71Z",
        "fileLength": 3196149,
        "releaseType": 1,
        "fileStatus": 4,
        "downloadUrl": "https://edge.forgecdn.net/files/2924/836/Charm-1.15.2-1.5.5.jar",
        "isAlternate": false,
        "alternateFileId": 0,
        "dependencies": [
          {
            "id": 0,
            "addonId": 324087,
            "type": 2,
            "fileId": 0
          },
          {
            "id": 0,
            "addonId": 243121,
            "type": 2,
            "fileId": 0
          },
          {
            "id": 0,
            "addonId": 238222,
            "type": 2,
            "fileId": 0
          }
        ],
        "isAvailable": true,
        "modules": [
          {
            "foldername": "META-INF",
            "fingerprint": 1743785465,
            "type": 0
          },
          {
            "foldername": "svenhjol",
            "fingerprint": 846751254,
            "type": 0
          },
          {
            "foldername": "vazkii",
            "fingerprint": 2735715883,
            "type": 0
          },
          {
            "foldername": "asm",
            "fingerprint": 1005085397,
            "type": 0
          },
          {
            "foldername": "assets",
            "fingerprint": 1416159810,
            "type": 0
          },
          {
            "foldername": "pack.mcmeta",
            "fingerprint": 3570781546,
            "type": 0
          },
          {
            "foldername": "data",
            "fingerprint": 3176987412,
            "type": 0
          }
        ],
        "packageFingerprint": 2967383285,
        "gameVersion": [
          "Forge",
          "1.15.2"
        ],
        "hasInstallScript": false,
        "isCompatibleWithClient": false,
        "categorySectionPackageType": 0,
        "restrictProjectFileAccess": 0,
        "projectStatus": 0,
        "projectId": 0,
        "gameVersionDateReleased": "2019-08-01T00:00:00Z",
        "gameId": 0,
        "isServerPack": false,
        "FileNameOnDisk": "Charm-1.15.2-1.5.5.jar"
      },
      "dateInstalled": "2020-04-12T23:28:42.1711152Z",
      "dateUpdated": "2020-04-12T23:28:42.1880401Z",
      "dateLastUpdateAttempted": "2020-04-12T23:28:42.1880401Z",
      "status": 5,
      "preferenceAutoInstallUpdates": false,
      "preferenceAlternateFile": false,
      "preferenceIsIgnored": false,
      "isModified": false,
      "isWorkingCopy": false,
      "isFuzzyMatch": false,
      "preferenceReleaseType": null,
      "manifestName": null,
      "installedTargets": null
    },
    {
      "addonID": 250363,
      "gameInstanceID": "1b8532db-7fa3-4c05-b249-a5a0f5dcacb8",
      "installedFile": {
        "id": 2911830,
        "displayName": "AutoRegLib-1.5-40.jar",
        "fileName": "AutoRegLib-1.5-40.jar",
        "fileDate": "2020-03-24T21:04:37.757Z",
        "fileLength": 58933,
        "releaseType": 1,
        "fileStatus": 4,
        "downloadUrl": "https://edge.forgecdn.net/files/2911/830/AutoRegLib-1.5-40.jar",
        "isAlternate": false,
        "alternateFileId": 0,
        "dependencies": [],
        "isAvailable": true,
        "modules": [
          {
            "foldername": "META-INF",
            "fingerprint": 3163068919,
            "type": 0
          },
          {
            "foldername": "vazkii",
            "fingerprint": 1336282113,
            "type": 0
          },
          {
            "foldername": "assets",
            "fingerprint": 168030657,
            "type": 0
          },
          {
            "foldername": "pack.mcmeta",
            "fingerprint": 3875124119,
            "type": 0
          }
        ],
        "packageFingerprint": 1112807760,
        "gameVersion": [
          "Forge",
          "1.15.2"
        ],
        "hasInstallScript": false,
        "isCompatibleWithClient": false,
        "categorySectionPackageType": 0,
        "restrictProjectFileAccess": 0,
        "projectStatus": 0,
        "projectId": 0,
        "gameVersionDateReleased": "2008-03-01T06:00:00Z",
        "gameId": 0,
        "isServerPack": false,
        "FileNameOnDisk": "AutoRegLib-1.5-40.jar"
      },
      "dateInstalled": "2020-04-12T23:28:44.7236539Z",
      "dateUpdated": "2020-04-12T23:28:44.7256488Z",
      "dateLastUpdateAttempted": "2020-04-12T23:28:44.7256488Z",
      "status": 5,
      "preferenceAutoInstallUpdates": false,
      "preferenceAlternateFile": false,
      "preferenceIsIgnored": false,
      "isModified": false,
      "isWorkingCopy": false,
      "isFuzzyMatch": false,
      "preferenceReleaseType": null,
      "manifestName": null,
      "installedTargets": null
    },
    {
      "addonID": 272190,
      "gameInstanceID": "1b8532db-7fa3-4c05-b249-a5a0f5dcacb8",
      "installedFile": {
        "id": 2901682,
        "displayName": "AdPoles-1.15.2-4.0.1.0-build.0009.jar",
        "fileName": "AdPoles-1.15.2-4.0.1.0-build.0009.jar",
        "fileDate": "2020-03-14T16:34:10.553Z",
        "fileLength": 72643,
        "releaseType": 1,
        "fileStatus": 4,
        "downloadUrl": "https://edge.forgecdn.net/files/2901/682/AdPoles-1.15.2-4.0.1.0-build.0009.jar",
        "isAlternate": false,
        "alternateFileId": 0,
        "dependencies": [
          {
            "id": 0,
            "addonId": 244844,
            "type": 3,
            "fileId": 0
          }
        ],
        "isAvailable": true,
        "modules": [
          {
            "foldername": "META-INF",
            "fingerprint": 1298807732,
            "type": 0
          },
          {
            "foldername": "com",
            "fingerprint": 2921222383,
            "type": 0
          },
          {
            "foldername": "assets",
            "fingerprint": 2856650937,
            "type": 0
          },
          {
            "foldername": "CHANGELOG.md",
            "fingerprint": 376211232,
            "type": 0
          },
          {
            "foldername": "data",
            "fingerprint": 3097196829,
            "type": 0
          },
          {
            "foldername": "logo.png",
            "fingerprint": 1014482225,
            "type": 0
          },
          {
            "foldername": "pack.mcmeta",
            "fingerprint": 3052803051,
            "type": 0
          }
        ],
        "packageFingerprint": 703373329,
        "gameVersion": [
          "1.15.2"
        ],
        "hasInstallScript": false,
        "isCompatibleWithClient": false,
        "categorySectionPackageType": 0,
        "restrictProjectFileAccess": 0,
        "projectStatus": 0,
        "projectId": 0,
        "gameVersionDateReleased": "2020-01-22T00:00:00Z",
        "gameId": 0,
        "isServerPack": false,
        "FileNameOnDisk": "AdPoles-1.15.2-4.0.1.0-build.0009.jar"
      },
      "dateInstalled": "2020-04-12T23:28:43.6037157Z",
      "dateUpdated": "2020-04-12T23:28:43.6057098Z",
      "dateLastUpdateAttempted": "2020-04-12T23:28:43.6057098Z",
      "status": 5,
      "preferenceAutoInstallUpdates": false,
      "preferenceAlternateFile": false,
      "preferenceIsIgnored": false,
      "isModified": false,
      "isWorkingCopy": false,
      "isFuzzyMatch": false,
      "preferenceReleaseType": null,
      "manifestName": null,
      "installedTargets": null
    },
    {
      "addonID": 240633,
      "gameInstanceID": "1b8532db-7fa3-4c05-b249-a5a0f5dcacb8",
      "installedFile": {
        "id": 2869197,
        "displayName": "inventorysorter-1.15.2-17.0.0.jar",
        "fileName": "inventorysorter-1.15.2-17.0.0.jar",
        "fileDate": "2020-01-25T22:39:37.303Z",
        "fileLength": 49879,
        "releaseType": 2,
        "fileStatus": 4,
        "downloadUrl": "https://edge.forgecdn.net/files/2869/197/inventorysorter-1.15.2-17.0.0.jar",
        "isAlternate": false,
        "alternateFileId": 0,
        "dependencies": [],
        "isAvailable": true,
        "modules": [
          {
            "foldername": "META-INF",
            "fingerprint": 189464088,
            "type": 0
          },
          {
            "foldername": "cpw",
            "fingerprint": 24102546,
            "type": 0
          },
          {
            "foldername": "pack.mcmeta",
            "fingerprint": 2207555489,
            "type": 0
          },
          {
            "foldername": "assets",
            "fingerprint": 2092552421,
            "type": 0
          }
        ],
        "packageFingerprint": 3817266820,
        "gameVersion": [
          "Forge",
          "1.15.2"
        ],
        "hasInstallScript": false,
        "isCompatibleWithClient": false,
        "categorySectionPackageType": 0,
        "restrictProjectFileAccess": 0,
        "projectStatus": 0,
        "projectId": 0,
        "gameVersionDateReleased": "2008-03-01T06:00:00Z",
        "gameId": 0,
        "isServerPack": false,
        "FileNameOnDisk": "inventorysorter-1.15.2-17.0.0.jar"
      },
      "dateInstalled": "2020-04-12T23:28:43.459364Z",
      "dateUpdated": "2020-04-12T23:28:43.4603628Z",
      "dateLastUpdateAttempted": "2020-04-12T23:28:43.4603628Z",
      "status": 5,
      "preferenceAutoInstallUpdates": false,
      "preferenceAlternateFile": false,
      "preferenceIsIgnored": false,
      "isModified": false,
      "isWorkingCopy": false,
      "isFuzzyMatch": false,
      "preferenceReleaseType": null,
      "manifestName": null,
      "installedTargets": null
    },
    {
      "addonID": 238222,
      "gameInstanceID": "1b8532db-7fa3-4c05-b249-a5a0f5dcacb8",
      "installedFile": {
        "id": 2866141,
        "displayName": "jei-1.15.2-6.0.0.2.jar",
        "fileName": "jei-1.15.2-6.0.0.2.jar",
        "fileDate": "2020-01-22T23:26:01.943Z",
        "fileLength": 700499,
        "releaseType": 3,
        "fileStatus": 4,
        "downloadUrl": "https://edge.forgecdn.net/files/2866/141/jei-1.15.2-6.0.0.2.jar",
        "isAlternate": false,
        "alternateFileId": 0,
        "dependencies": [],
        "isAvailable": true,
        "modules": [
          {
            "foldername": "META-INF",
            "fingerprint": 1125570588,
            "type": 0
          },
          {
            "foldername": "mezz",
            "fingerprint": 3045161663,
            "type": 0
          },
          {
            "foldername": "pack.mcmeta",
            "fingerprint": 3652707984,
            "type": 0
          },
          {
            "foldername": "assets",
            "fingerprint": 1641092489,
            "type": 0
          }
        ],
        "packageFingerprint": 3705726787,
        "gameVersion": [
          "1.15.2"
        ],
        "hasInstallScript": false,
        "isCompatibleWithClient": false,
        "categorySectionPackageType": 0,
        "restrictProjectFileAccess": 0,
        "projectStatus": 0,
        "projectId": 0,
        "gameVersionDateReleased": "2008-03-01T06:00:00Z",
        "gameId": 0,
        "isServerPack": false,
        "FileNameOnDisk": "jei-1.15.2-6.0.0.2.jar"
      },
      "dateInstalled": "2020-04-12T23:28:43.8115116Z",
      "dateUpdated": "2020-04-12T23:28:43.8135093Z",
      "dateLastUpdateAttempted": "2020-04-12T23:28:43.8135093Z",
      "status": 3,
      "preferenceAutoInstallUpdates": false,
      "preferenceAlternateFile": false,
      "preferenceIsIgnored": false,
      "isModified": false,
      "isWorkingCopy": false,
      "isFuzzyMatch": false,
      "preferenceReleaseType": null,
      "manifestName": null,
      "installedTargets": null
    },
    {
      "addonID": 69118,
      "gameInstanceID": "1b8532db-7fa3-4c05-b249-a5a0f5dcacb8",
      "installedFile": {
        "id": 2898972,
        "displayName": "Morpheus-1.15.2-4.2.50.jar",
        "fileName": "Morpheus-1.15.2-4.2.50.jar",
        "fileDate": "2020-03-11T20:06:15.463Z",
        "fileLength": 24547,
        "releaseType": 1,
        "fileStatus": 4,
        "downloadUrl": "https://edge.forgecdn.net/files/2898/972/Morpheus-1.15.2-4.2.50.jar",
        "isAlternate": false,
        "alternateFileId": 0,
        "dependencies": [],
        "isAvailable": true,
        "modules": [
          {
            "foldername": "META-INF",
            "fingerprint": 2368723587,
            "type": 0
          },
          {
            "foldername": "net",
            "fingerprint": 3654183649,
            "type": 0
          },
          {
            "foldername": "pack.mcmeta",
            "fingerprint": 407958785,
            "type": 0
          },
          {
            "foldername": "mcmod.info",
            "fingerprint": 462080067,
            "type": 0
          }
        ],
        "packageFingerprint": 3157709658,
        "gameVersion": [
          "Forge",
          "1.15.2"
        ],
        "hasInstallScript": false,
        "isCompatibleWithClient": false,
        "categorySectionPackageType": 0,
        "restrictProjectFileAccess": 0,
        "projectStatus": 0,
        "projectId": 0,
        "gameVersionDateReleased": "2019-08-01T00:00:00Z",
        "gameId": 0,
        "isServerPack": false,
        "FileNameOnDisk": "Morpheus-1.15.2-4.2.50.jar"
      },
      "dateInstalled": "2020-04-12T23:28:44.3828901Z",
      "dateUpdated": "2020-04-12T23:28:44.383851Z",
      "dateLastUpdateAttempted": "2020-04-12T23:28:44.383851Z",
      "status": 5,
      "preferenceAutoInstallUpdates": false,
      "preferenceAlternateFile": false,
      "preferenceIsIgnored": false,
      "isModified": false,
      "isWorkingCopy": false,
      "isFuzzyMatch": false,
      "preferenceReleaseType": null,
      "manifestName": null,
      "installedTargets": null
    },
    {
      "addonID": 309927,
      "gameInstanceID": "1b8532db-7fa3-4c05-b249-a5a0f5dcacb8",
      "installedFile": {
        "id": 2913518,
        "displayName": "curios-FORGE-1.15.2-2.0.2.1.jar",
        "fileName": "curios-FORGE-1.15.2-2.0.2.1.jar",
        "fileDate": "2020-03-26T20:31:42.69Z",
        "fileLength": 183431,
        "releaseType": 1,
        "fileStatus": 4,
        "downloadUrl": "https://edge.forgecdn.net/files/2913/518/curios-FORGE-1.15.2-2.0.2.1.jar",
        "isAlternate": false,
        "alternateFileId": 2913519,
        "dependencies": [],
        "isAvailable": true,
        "modules": [
          {
            "foldername": "META-INF",
            "fingerprint": 2376086410,
            "type": 0
          },
          {
            "foldername": "top",
            "fingerprint": 418623896,
            "type": 0
          },
          {
            "foldername": "assets",
            "fingerprint": 1160331370,
            "type": 0
          },
          {
            "foldername": "CHANGELOG.md",
            "fingerprint": 2245630186,
            "type": 0
          },
          {
            "foldername": "curios_icon.png",
            "fingerprint": 3800564433,
            "type": 0
          },
          {
            "foldername": "data",
            "fingerprint": 354465712,
            "type": 0
          },
          {
            "foldername": "licenses",
            "fingerprint": 1268541612,
            "type": 0
          },
          {
            "foldername": "pack.mcmeta",
            "fingerprint": 2397832804,
            "type": 0
          },
          {
            "foldername": "README.md",
            "fingerprint": 2479755029,
            "type": 0
          }
        ],
        "packageFingerprint": 1684031675,
        "gameVersion": [
          "Forge",
          "1.15.2"
        ],
        "hasInstallScript": false,
        "isCompatibleWithClient": false,
        "categorySectionPackageType": 0,
        "restrictProjectFileAccess": 0,
        "projectStatus": 0,
        "projectId": 0,
        "gameVersionDateReleased": "2008-03-01T06:00:00Z",
        "gameId": 0,
        "isServerPack": false,
        "FileNameOnDisk": "curios-FORGE-1.15.2-2.0.2.1.jar"
      },
      "dateInstalled": "2020-04-12T23:28:44.8912393Z",
      "dateUpdated": "2020-04-12T23:28:44.8932022Z",
      "dateLastUpdateAttempted": "2020-04-12T23:28:44.8932022Z",
      "status": 5,
      "preferenceAutoInstallUpdates": false,
      "preferenceAlternateFile": false,
      "preferenceIsIgnored": false,
      "isModified": false,
      "isWorkingCopy": false,
      "isFuzzyMatch": false,
      "preferenceReleaseType": null,
      "manifestName": null,
      "installedTargets": null
    },
    {
      "addonID": 225643,
      "gameInstanceID": "1b8532db-7fa3-4c05-b249-a5a0f5dcacb8",
      "installedFile": {
        "id": 2922131,
        "displayName": "Botania r1.15-382.jar",
        "fileName": "Botania r1.15-382.jar",
        "fileDate": "2020-04-05T22:33:19.227Z",
        "fileLength": 14736373,
        "releaseType": 1,
        "fileStatus": 4,
        "downloadUrl": "https://edge.forgecdn.net/files/2922/131/Botania r1.15-382.jar",
        "isAlternate": false,
        "alternateFileId": 0,
        "dependencies": [
          {
            "id": 0,
            "addonId": 238222,
            "type": 2,
            "fileId": 0
          },
          {
            "id": 0,
            "addonId": 243121,
            "type": 2,
            "fileId": 0
          },
          {
            "id": 0,
            "addonId": 306770,
            "type": 3,
            "fileId": 0
          },
          {
            "id": 0,
            "addonId": 309927,
            "type": 3,
            "fileId": 0
          }
        ],
        "isAvailable": true,
        "modules": [
          {
            "foldername": "META-INF",
            "fingerprint": 234385978,
            "type": 0
          },
          {
            "foldername": "vazkii",
            "fingerprint": 4084314828,
            "type": 0
          },
          {
            "foldername": "logo.png",
            "fingerprint": 2050890553,
            "type": 0
          },
          {
            "foldername": "pack.mcmeta",
            "fingerprint": 2029078671,
            "type": 0
          },
          {
            "foldername": "assets",
            "fingerprint": 1235578356,
            "type": 0
          },
          {
            "foldername": "data",
            "fingerprint": 3203401352,
            "type": 0
          }
        ],
        "packageFingerprint": 4276574274,
        "gameVersion": [
          "Forge",
          "1.15.2"
        ],
        "hasInstallScript": false,
        "isCompatibleWithClient": false,
        "categorySectionPackageType": 0,
        "restrictProjectFileAccess": 0,
        "projectStatus": 0,
        "projectId": 0,
        "gameVersionDateReleased": "2008-03-01T06:00:00Z",
        "gameId": 0,
        "isServerPack": false,
        "FileNameOnDisk": "Botania r1.15-382.jar"
      },
      "dateInstalled": "2020-04-12T23:28:46.3045078Z",
      "dateUpdated": "2020-04-12T23:28:46.3134855Z",
      "dateLastUpdateAttempted": "2020-04-12T23:28:46.3134855Z",
      "status": 5,
      "preferenceAutoInstallUpdates": false,
      "preferenceAlternateFile": false,
      "preferenceIsIgnored": false,
      "isModified": false,
      "isWorkingCopy": false,
      "isFuzzyMatch": false,
      "preferenceReleaseType": null,
      "manifestName": null,
      "installedTargets": null
    },
    {
      "addonID": 306770,
      "gameInstanceID": "1b8532db-7fa3-4c05-b249-a5a0f5dcacb8",
      "installedFile": {
        "id": 2925865,
        "displayName": "Patchouli-1.15.2-1.2-31.jar",
        "fileName": "Patchouli-1.15.2-1.2-31.jar",
        "fileDate": "2020-04-10T03:20:05.97Z",
        "fileLength": 526648,
        "releaseType": 1,
        "fileStatus": 4,
        "downloadUrl": "https://edge.forgecdn.net/files/2925/865/Patchouli-1.15.2-1.2-31.jar",
        "isAlternate": false,
        "alternateFileId": 0,
        "dependencies": [],
        "isAvailable": true,
        "modules": [
          {
            "foldername": "META-INF",
            "fingerprint": 4135590984,
            "type": 0
          },
          {
            "foldername": "vazkii",
            "fingerprint": 470995338,
            "type": 0
          },
          {
            "foldername": "logo.png",
            "fingerprint": 4171053254,
            "type": 0
          },
          {
            "foldername": "pack.mcmeta",
            "fingerprint": 887639394,
            "type": 0
          },
          {
            "foldername": "assets",
            "fingerprint": 799094768,
            "type": 0
          },
          {
            "foldername": "asm",
            "fingerprint": 1110767511,
            "type": 0
          }
        ],
        "packageFingerprint": 3983839548,
        "gameVersion": [
          "Forge",
          "1.15.2"
        ],
        "hasInstallScript": false,
        "isCompatibleWithClient": false,
        "categorySectionPackageType": 0,
        "restrictProjectFileAccess": 0,
        "projectStatus": 0,
        "projectId": 0,
        "gameVersionDateReleased": "2008-03-01T06:00:00Z",
        "gameId": 0,
        "isServerPack": false,
        "FileNameOnDisk": "Patchouli-1.15.2-1.2-31.jar"
      },
      "dateInstalled": "2020-04-12T23:28:44.5693515Z",
      "dateUpdated": "2020-04-12T23:28:44.5713455Z",
      "dateLastUpdateAttempted": "2020-04-12T23:28:44.5713455Z",
      "status": 5,
      "preferenceAutoInstallUpdates": false,
      "preferenceAlternateFile": false,
      "preferenceIsIgnored": false,
      "isModified": false,
      "isWorkingCopy": false,
      "isFuzzyMatch": false,
      "preferenceReleaseType": null,
      "manifestName": null,
      "installedTargets": null
    },
    {
      "addonID": 230976,
      "gameInstanceID": "1b8532db-7fa3-4c05-b249-a5a0f5dcacb8",
      "installedFile": {
        "id": 2922884,
        "displayName": "FastLeafDecay-v22.jar",
        "fileName": "FastLeafDecay-v22.jar",
        "fileDate": "2020-04-06T20:20:48.837Z",
        "fileLength": 8359,
        "releaseType": 1,
        "fileStatus": 4,
        "downloadUrl": "https://edge.forgecdn.net/files/2922/884/FastLeafDecay-v22.jar",
        "isAlternate": false,
        "alternateFileId": 0,
        "dependencies": [],
        "isAvailable": true,
        "modules": [
          {
            "foldername": "META-INF",
            "fingerprint": 931275805,
            "type": 0
          },
          {
            "foldername": "net",
            "fingerprint": 1302311234,
            "type": 0
          },
          {
            "foldername": "pack.mcmeta",
            "fingerprint": 3380797652,
            "type": 0
          }
        ],
        "packageFingerprint": 2721622752,
        "gameVersion": [
          "Forge",
          "1.15.2"
        ],
        "hasInstallScript": false,
        "isCompatibleWithClient": false,
        "categorySectionPackageType": 0,
        "restrictProjectFileAccess": 0,
        "projectStatus": 0,
        "projectId": 0,
        "gameVersionDateReleased": "2019-08-01T00:00:00Z",
        "gameId": 0,
        "isServerPack": false,
        "FileNameOnDisk": "FastLeafDecay-v22.jar"
      },
      "dateInstalled": "2020-04-12T23:28:43.0295151Z",
      "dateUpdated": "2020-04-12T23:28:43.0315423Z",
      "dateLastUpdateAttempted": "2020-04-12T23:28:43.0315423Z",
      "status": 5,
      "preferenceAutoInstallUpdates": false,
      "preferenceAlternateFile": false,
      "preferenceIsIgnored": false,
      "isModified": false,
      "isWorkingCopy": false,
      "isFuzzyMatch": false,
      "preferenceReleaseType": null,
      "manifestName": null,
      "installedTargets": null
    }
  ],
  "isMigrated": false,
  "preferenceUploadProfile": false
}